{"G31": {"noise": 0.0013864532800786315, "filtered_noise": 0.0012109495495069586}, "G12": {"noise": 0.0011974018748066037, "filtered_noise": 0.0010621844686974757}, "G43": {"noise": 0.0011104592098672822, "filtered_noise": 0.0010386011198539188}, "G49": {"noise": 0.001175066163201863, "filtered_noise": 0.0010217292427609744}, "G01": {"noise": 0.0017375314034314834, "filtered_noise": 0.001450679461571323}, "G29": {"noise": 0.0010960599485821511, "filtered_noise": 0.0009878682777180645}, "G34": {"noise": 0.001232415563603474, "filtered_noise": 0.0012856102557962433}}