{"G31": {"gps20new": {"nomeansub": [[0.23500000000012733, 1.040000000000191, 1.4449999999999998, 1.4849999999999999], [0.23500000000012922, 1.0400000000001992, 1.4450000000000114, 1.4850000000000116]], "meansub": [[0.23500000000012733, 1.040000000000191, 1.4449999999999998, 1.4849999999999999], [0.23500000000012922, 1.0400000000001992, 1.4450000000000114, 1.4850000000000116]]}}, "G12": {"gps20new": {"nomeansub": [[-0.4499999999998181, 0.25, 0.6699999999999999, 0.87], [-0.4499999999998217, 0.250000000000002, 0.6700000000000053, 0.870000000000007]], "meansub": [[-0.4499999999998181, 0.2600000000002183, 0.6699999999999999, 0.87], [-0.4499999999998217, 0.26000000000022033, 0.6700000000000053, 0.870000000000007]]}}, "G43": {"gps20new": {"nomeansub": [[4.804999999999836, 7.8900000000001, 0.6849999999999999, 0.7849999999999999], [4.8049999999998745, 7.890000000000163, 0.6850000000000054, 0.7850000000000062]], "meansub": [[4.775000000000091, 7.850000000000136, 0.6799999999999999, 0.78], [4.775000000000129, 7.8500000000001995, 0.6800000000000054, 0.7800000000000062]]}}, "G49": {"gps20new": {"nomeansub": [[3.519999999999982, 6.335000000000036, 0.345, 0.31499999999999995], [3.52000000000001, 6.335000000000087, 0.34500000000000275, 0.31500000000000244]], "meansub": [[3.519999999999982, 6.335000000000036, 0.345, 0.31499999999999995], [3.52000000000001, 6.335000000000087, 0.34500000000000275, 0.31500000000000244]]}}, "G01": {"gps20new": {"nomeansub": [[3.9650000000001455, 3.349999999999909, 0.36, 0.36499999999999994], [3.965000000000177, 3.3499999999999357, 0.3600000000000029, 0.3650000000000029]], "meansub": [[3.994999999999891, 3.150000000000091, 0.36, 0.35500000000000004], [3.994999999999923, 3.1500000000001163, 0.3600000000000029, 0.35500000000000287]]}}, "G29": {"gps20new": {"nomeansub": [[0.3400000000001455, 5.239999999999782, 1.9849999999999999, 1.755], [0.34000000000014824, 5.2399999999998235, 1.9850000000000156, 1.7550000000000139]], "meansub": [[0.3400000000001455, 5.239999999999782, 1.9899999999999998, 1.755], [0.34000000000014824, 5.2399999999998235, 1.9900000000000158, 1.7550000000000139]]}}, "G34": {"gps20new": {"nomeansub": [[0.4600000000000364, 6.864999999999782, 0.74, 4.965], [0.46000000000004004, 6.864999999999837, 0.7400000000000059, 4.96500000000004]], "meansub": [[0.4499999999998181, 6.554999999999836, 0.825, 4.895], [0.4499999999998217, 6.554999999999889, 0.8250000000000065, 4.895000000000039]]}}}