{"G31": {"gps20new": {"nomeansub": [[0.23500000000012733, 1.040000000000191, 1.4449999999999998, 1.4849999999999999], [0.23500000000012922, 1.0400000000001992, 1.4450000000000114, 1.4850000000000116]], "meansub": [[0.23500000000012733, 1.040000000000191, 1.4449999999999998, 1.4849999999999999], [0.23500000000012922, 1.0400000000001992, 1.4450000000000114, 1.4850000000000116]]}, "bolocam": {"nomeansub": [[1.875, 0.18500000000000227, 0.67, 0.605], [9.375000000000073, 0.9250000000000186, 3.3500000000000263, 3.0250000000000234]], "meansub": [[1.875, 0.18500000000000227, 0.67, 0.605], [9.375000000000073, 0.9250000000000186, 3.3500000000000263, 3.0250000000000234]]}}, "G12": {"gps20new": {"nomeansub": [[-0.4499999999998181, 0.25, 0.6699999999999999, 0.87], [-0.4499999999998217, 0.250000000000002, 0.6700000000000053, 0.870000000000007]], "meansub": [[-0.4499999999998181, 0.2600000000002183, 0.6699999999999999, 0.87], [-0.4499999999998217, 0.26000000000022033, 0.6700000000000053, 0.870000000000007]]}, "bolocam": {"nomeansub": [[0.41500000000002046, -1.6750000000000114, 0.18500000000000005, 0.175], [2.0750000000001187, -8.375000000000123, 0.9250000000000075, 0.8750000000000068]], "meansub": [[0.41500000000002046, -1.6750000000000114, 0.18500000000000005, 0.175], [2.0750000000001187, -8.375000000000123, 0.9250000000000075, 0.8750000000000068]]}}, "G43": {"gps20new": {"nomeansub": [[4.804999999999836, 7.8900000000001, 0.6849999999999999, 0.7849999999999999], [4.8049999999998745, 7.890000000000163, 0.6850000000000054, 0.7850000000000062]], "meansub": [[4.775000000000091, 7.850000000000136, 0.6799999999999999, 0.78], [4.775000000000129, 7.8500000000001995, 0.6800000000000054, 0.7800000000000062]]}, "bolocam": {"nomeansub": [[0.3149999999999977, 0.14999999999997726, 0.16999999999999998, 0.17999999999999994], [1.5750000000000008, 0.7499999999998922, 0.8500000000000065, 0.9000000000000067]], "meansub": [[0.3149999999999977, 0.14999999999997726, 0.16999999999999998, 0.17999999999999994], [1.5750000000000008, 0.7499999999998922, 0.8500000000000065, 0.9000000000000067]]}}, "G49": {"gps20new": {"nomeansub": [[3.519999999999982, 6.335000000000036, 0.345, 0.31499999999999995], [3.52000000000001, 6.335000000000087, 0.34500000000000275, 0.31500000000000244]], "meansub": [[3.519999999999982, 6.335000000000036, 0.345, 0.31499999999999995], [3.52000000000001, 6.335000000000087, 0.34500000000000275, 0.31500000000000244]]}, "bolocam": {"nomeansub": [[1.0149999999999864, 3.214999999999975, 0.15000000000000002, 0.195], [5.074999999999972, 16.075, 0.750000000000006, 0.9750000000000076]], "meansub": [[1.0149999999999864, 3.214999999999975, 0.15000000000000002, 0.195], [5.074999999999972, 16.075, 0.750000000000006, 0.9750000000000076]]}}, "G01": {"gps20new": {"nomeansub": [[3.9650000000001455, 3.349999999999909, 0.36, 0.36499999999999994], [3.965000000000177, 3.3499999999999357, 0.3600000000000029, 0.3650000000000029]], "meansub": [[3.994999999999891, 3.150000000000091, 0.36, 0.35500000000000004], [3.994999999999923, 3.1500000000001163, 0.3600000000000029, 0.35500000000000287]]}, "bolocam": {"nomeansub": [[0.2699999999999818, -0.6499999999999773, 0.11499999999999999, 0.08999999999999997], [1.3499999999999197, -3.2499999999999116, 0.5750000000000044, 0.45000000000000334]], "meansub": [[0.2699999999999818, -0.6499999999999773, 0.11499999999999999, 0.08999999999999997], [1.3499999999999197, -3.2499999999999116, 0.5750000000000044, 0.45000000000000334]]}}, "G29": {"gps20new": {"nomeansub": [[0.3400000000001455, 5.239999999999782, 1.9849999999999999, 1.755], [0.34000000000014824, 5.2399999999998235, 1.9850000000000156, 1.7550000000000139]], "meansub": [[0.3400000000001455, 5.239999999999782, 1.9899999999999998, 1.755], [0.34000000000014824, 5.2399999999998235, 1.9900000000000158, 1.7550000000000139]]}, "bolocam": {"nomeansub": [[0.8100000000000023, -0.07499999999998863, 1.03, 0.925], [4.050000000000043, -0.3749999999999461, 5.15000000000004, 4.625000000000036]], "meansub": [[0.8100000000000023, -0.07499999999998863, 1.03, 0.925], [4.050000000000043, -0.3749999999999461, 5.15000000000004, 4.625000000000036]]}}, "G34": {"gps20new": {"nomeansub": [[0.4600000000000364, 6.864999999999782, 0.74, 4.965], [0.46000000000004004, 6.864999999999837, 0.7400000000000059, 4.96500000000004]], "meansub": [[0.4499999999998181, 6.554999999999836, 0.825, 4.895], [0.4499999999998217, 6.554999999999889, 0.8250000000000065, 4.895000000000039]]}, "bolocam": {"nomeansub": [[-0.05500000000000682, -2.9750000000000227, 0.5800000000000001, 0.9450000000000001], [-0.27500000000003627, -14.87500000000023, 2.900000000000023, 4.725000000000037]], "meansub": [[-0.05500000000000682, -2.9750000000000227, 0.5800000000000001, 0.9450000000000001], [-0.27500000000003627, -14.87500000000023, 2.900000000000023, 4.725000000000037]]}}}