{"G31": {"gps20new": {"nomeansub": [[0.125, 0.27499999999997726, 1.45, 1.495], [0.2500002000000001, 0.5500004399999547, 2.9000023200000014, 2.9900023920000014]], "meansub": [[0.125, 0.27499999999997726, 1.45, 1.49], [0.2500002000000001, 0.5500004399999547, 2.9000023200000014, 2.9800023840000014]]}, "bolocam": {"nomeansub": [[0.9249999999999545, 0.09499999999997044, 0.6700000000000002, 0.605], [9.250007399999543, 0.9500007599997042, 6.70000536, 6.050004839999998]], "meansub": [[0.9350000000000591, 0.09499999999997044, 0.675, 0.605], [9.350007480000588, 0.9500007599997042, 6.750005399999999, 6.050004839999998]]}}, "G12": {"gps20new": {"nomeansub": [[-0.47500000000002274, -0.1349999999999909, 0.6699999999999999, 0.87], [-0.950000760000046, -0.2700002159999819, 1.3400010720000004, 1.7400013920000008]], "meansub": [[-0.464999999999975, -0.1349999999999909, 0.6699999999999999, 0.865], [-0.9300007439999504, -0.2700002159999819, 1.3400010720000004, 1.7300013840000008]]}, "bolocam": {"nomeansub": [[0.20499999999998408, -0.8349999999999795, 0.185, 0.175], [2.05000163999984, -8.350006679999794, 1.8500014799999995, 1.7500013999999995]], "meansub": [[0.20499999999998408, -0.8349999999999795, 0.185, 0.175], [2.05000163999984, -8.350006679999794, 1.8500014799999995, 1.7500013999999995]]}}, "G43": {"gps20new": {"nomeansub": [[2.384999999999991, 3.6750000000000114, 0.68, 0.78], [4.770003815999984, 7.350005880000026, 1.3600010880000006, 1.5600012480000007]], "meansub": [[2.375, 3.6549999999999727, 0.675, 0.7749999999999999], [4.750003800000002, 7.310005847999949, 1.3500010800000006, 1.5500012400000005]]}, "bolocam": {"nomeansub": [[0.15500000000002956, 0.3199999999999932, 0.16999999999999998, 0.185], [1.5500012400002952, 3.200002559999931, 1.7000013599999995, 1.8500014799999995]], "meansub": [[0.15500000000002956, 0.3199999999999932, 0.16999999999999998, 0.185], [1.5500012400002952, 3.200002559999931, 1.7000013599999995, 1.8500014799999995]]}}, "G49": {"gps20new": {"nomeansub": [[1.3949999999999818, 0.06499999999999773, 0.285, 0.35500000000000004], [6.97500017130591, 0.3250000079819887, 1.4250000349980003, 1.7750000435940005]], "meansub": [[1.3949999999999818, 0.06499999999999773, 0.285, 0.35500000000000004], [6.97500017130591, 0.3250000079819887, 1.4250000349980003, 1.7750000435940005]]}, "bolocam": {"nomeansub": [[0.6650000000000205, 0.10500000000001819, 0.185, 0.16], [16.625000408310505, 2.625000064470454, 4.625000113589998, 4.000000098239998]], "meansub": [[0.6650000000000205, 0.10500000000001819, 0.185, 0.16], [16.625000408310505, 2.625000064470454, 4.625000113589998, 4.000000098239998]]}}, "G01": {"gps20new": {"nomeansub": [[0.7749999999999773, 0.5749999999999886, 0.355, 0.365], [3.875000095169887, 2.8750000706099437, 1.7750000435940003, 1.8250000448220005]], "meansub": [[0.7849999999999682, 0.5249999999999773, 0.35, 0.355], [3.925000096397842, 2.6250000644698868, 1.7500000429800002, 1.7750000435940003]]}, "bolocam": {"nomeansub": [[0.4700000000000273, 0.2400000000000091, 0.125, 0.09999999999999998], [11.750000288580688, 6.00000014736023, 3.1250000767500015, 2.5000000614000006]], "meansub": [[0.4700000000000273, 0.2400000000000091, 0.125, 0.09999999999999998], [11.750000288580688, 6.00000014736023, 3.1250000767500015, 2.5000000614000006]]}}, "G29": {"gps20new": {"nomeansub": [[-0.08499999999997954, 2.375, 2.035, 1.7800000000000002], [-0.17000013599995914, 4.750003800000002, 4.070003256000002, 3.560002848000002]], "meansub": [[-0.08499999999997954, 2.375, 2.035, 1.7800000000000002], [-0.17000013599995914, 4.750003800000002, 4.070003256000002, 3.560002848000002]]}, "bolocam": {"nomeansub": [[0.660000000000025, -0.03500000000002501, 1.04, 0.9349999999999999], [6.600005280000248, -0.35000028000025, 10.400008319999998, 9.350007479999997]], "meansub": [[0.660000000000025, -0.03500000000002501, 1.04, 0.9349999999999999], [6.600005280000248, -0.35000028000025, 10.400008319999998, 9.350007479999997]]}}, "G34": {"gps20new": {"nomeansub": [[-0.014999999999986358, 3.8349999999999795, 1.45, 4.885], [-0.03000002399997273, 7.670006135999962, 2.9000023200000014, 9.770007816000005]], "meansub": [[-0.024999999999977263, 3.634999999999991, 1.8199999999999998, 4.95], [-0.050000039999954546, 7.270005815999985, 3.6400029120000013, 9.900007920000006]]}, "bolocam": {"nomeansub": [[-0.0049999999999954525, -1.8550000000000182, 0.595, 0.81], [-0.05000003999995451, -18.550014840000177, 5.950004759999998, 8.10000648]], "meansub": [[-0.0049999999999954525, -1.8550000000000182, 0.595, 0.81], [-0.05000003999995451, -18.550014840000177, 5.950004759999998, 8.10000648]]}}}